[
    {
        "timestamp": "2025-12-08 14:22:17",
        "project_name": "Rod",
        "recommendation": {
            "most_recommended": {
                "material": "Ni-Hard (CrNiFe)",
                "type": "Cast Steel",
                "points": 8
            },
            "runner_up": {
                "material": "PLA",
                "type": "Polymer",
                "points": 7
            },
            "additional": [
                {
                    "material": "D2",
                    "type": "Steel",
                    "points": 7
                },
                {
                    "material": "A2",
                    "type": "Steel",
                    "points": 7
                },
                {
                    "material": "PETG",
                    "type": "Polymer",
                    "points": 6
                }
            ]
        }
    },
    {
        "timestamp": "2025-12-08 14:23:43",
        "project_name": "Full",
        "recommendation": {
            "PLA": {
                "material_general": "Polymer",
                "points": 7,
                "processes": [
                    {
                        "process": "CNC Routing",
                        "points": 4
                    },
                    {
                        "process": "3D printing",
                        "points": 3
                    },
                    {
                        "process": "Thermoforming",
                        "points": 3
                    }
                ]
            },
            "Polypropylene": {
                "material_general": "Polymer",
                "points": 5,
                "processes": [
                    {
                        "process": "CNC Routing",
                        "points": 4
                    },
                    {
                        "process": "3D printing",
                        "points": 3
                    },
                    {
                        "process": "Thermoforming",
                        "points": 3
                    }
                ]
            },
            "PETG": {
                "material_general": "Polymer",
                "points": 4,
                "processes": [
                    {
                        "process": "CNC Routing",
                        "points": 4
                    },
                    {
                        "process": "3D printing",
                        "points": 3
                    },
                    {
                        "process": "Thermoforming",
                        "points": 3
                    }
                ]
            },
            "Teflon": {
                "material_general": "Polymer",
                "points": 4,
                "processes": [
                    {
                        "process": "CNC Routing",
                        "points": 4
                    },
                    {
                        "process": "3D printing",
                        "points": 3
                    },
                    {
                        "process": "Thermoforming",
                        "points": 3
                    }
                ]
            }
        }
    },
    {
        "timestamp": "2025-12-08 14:24:10",
        "project_name": "Process",
        "recommendation": {
            "material": "Aluminium",
            "most_recommended": {
                "process": "Stamping",
                "points": 6
            },
            "runner_up": [
                {
                    "process": "CNC Machining",
                    "points": 5
                },
                {
                    "process": "CNC Routing",
                    "points": 4
                }
            ]
        }
    },
    {
        "timestamp": "2025-12-08 18:45:55",
        "project_name": "TestFinal",
        "recommendation": {
            "material": "Cast Brass",
            "most_recommended": {
                "process": "Die Cast (Hard tooling)",
                "points": 7
            },
            "runner_up": [
                {
                    "process": "Die Cast (Soft Tooling)",
                    "points": 7
                },
                {
                    "process": "Sand Casting",
                    "points": 4
                }
            ]
        }
    },
    {
        "timestamp": "2025-12-08 20:58:09",
        "project_name": "turbine",
        "recommendation": {
            "A36": {
                "material_general": "Steel",
                "points": 8,
                "processes": [
                    {
                        "process": "Stamping",
                        "points": 6
                    },
                    {
                        "process": "CNC Machining",
                        "points": 4
                    },
                    {
                        "process": "Laser cutting",
                        "points": 2
                    }
                ]
            },
            "A45": {
                "material_general": "Steel",
                "points": 8,
                "processes": [
                    {
                        "process": "Stamping",
                        "points": 6
                    },
                    {
                        "process": "CNC Machining",
                        "points": 4
                    },
                    {
                        "process": "Laser cutting",
                        "points": 2
                    }
                ]
            },
            "LCC": {
                "material_general": "Cast Steel",
                "points": 8,
                "processes": [
                    {
                        "process": "Sand Casting",
                        "points": 6
                    }
                ]
            },
            "AZ31B": {
                "material_general": "Magnisium",
                "points": 7,
                "processes": [
                    {
                        "process": "Stamping",
                        "points": 6
                    },
                    {
                        "process": "CNC Machining",
                        "points": 4
                    },
                    {
                        "process": "Die Forging",
                        "points": 1
                    }
                ]
            }
        }
    },
    {
        "timestamp": "2025-12-08 21:06:23",
        "project_name": "Flecha",
        "recommendation": {
            "A2": {
                "material_general": "Steel",
                "points": 8,
                "processes": [
                    {
                        "process": "CNC Machining",
                        "points": 7
                    },
                    {
                        "process": "Laser cutting",
                        "points": 5
                    },
                    {
                        "process": "Waterjet",
                        "points": 5
                    }
                ]
            },
            "Phenolic": {
                "material_general": "Polymer",
                "points": 7,
                "processes": [
                    {
                        "process": "CNC Routing",
                        "points": 6
                    },
                    {
                        "process": "3D printing",
                        "points": 4
                    },
                    {
                        "process": "Thermoforming",
                        "points": 4
                    }
                ]
            },
            "D2": {
                "material_general": "Steel",
                "points": 7,
                "processes": [
                    {
                        "process": "CNC Machining",
                        "points": 7
                    },
                    {
                        "process": "Laser cutting",
                        "points": 5
                    },
                    {
                        "process": "Waterjet",
                        "points": 5
                    }
                ]
            },
            "2024-T3": {
                "material_general": "Aluminium",
                "points": 6,
                "processes": [
                    {
                        "process": "CNC Machining",
                        "points": 7
                    },
                    {
                        "process": "CNC Routing",
                        "points": 6
                    },
                    {
                        "process": "Laser cutting",
                        "points": 5
                    }
                ]
            }
        }
    },
    {
        "timestamp": "2025-12-08 21:47:55",
        "project_name": "FlechaTransmision",
        "recommendation": {
            "Polyurethane": {
                "material_general": "Rubber",
                "points": 7,
                "processes": [
                    {
                        "process": "Handmade",
                        "points": 5
                    },
                    {
                        "process": "Injection molding (Soft Tooling)",
                        "points": 2
                    },
                    {
                        "process": "Thermoforming",
                        "points": 2
                    }
                ]
            },
            "420": {
                "material_general": "Stainless steel",
                "points": 7,
                "processes": [
                    {
                        "process": "CNC Machining",
                        "points": 5
                    },
                    {
                        "process": "Stamping",
                        "points": 4
                    },
                    {
                        "process": "Laser cutting",
                        "points": 3
                    }
                ]
            },
            "A2": {
                "material_general": "Steel",
                "points": 7,
                "processes": [
                    {
                        "process": "CNC Machining",
                        "points": 5
                    },
                    {
                        "process": "Stamping",
                        "points": 4
                    },
                    {
                        "process": "Laser cutting",
                        "points": 3
                    }
                ]
            },
            "PETG": {
                "material_general": "Polymer",
                "points": 6,
                "processes": [
                    {
                        "process": "CNC Routing",
                        "points": 4
                    },
                    {
                        "process": "3D printing",
                        "points": 3
                    },
                    {
                        "process": "Injection molding (Hard Tooling)",
                        "points": 2
                    }
                ]
            }
        }
    }
]