﻿Manufacturing process,Precision,Geometry Curves,Geometry Surfaces,Geometry Angular Square,Geometry Angular Circular,Overall Size,Wieght,Thickness,Wait time ,Quantity,Cost,Description
CNC Machining,3,2,1,3,3,3,3,2,2,2,2,
Die Cast (Hard tooling),3,3,1,3,3,1,3,2,3,3,3,
Die Cast (Soft Tooling),3,3,1,3,3,1,3,2,3,3,2,
Injection molding (Hard Tooling),3,3,3,3,3,2,1,12,3,3,3,
Injection molding (Soft Tooling),3,3,3,3,3,2,1,12,3,3,2,
3D printing,2,2,1,3,3,1,1,2,1,1,1,
Laser cutting,2,3,1,3,3,3,3,1,1,2,1,
Waterjet,2,3,1,3,3,3,3,1,1,2,2,
CNC Routing,2,2,1,3,3,3,2,12,1,2,1,
Sand Casting,1,2,1,2,2,1,2,2,2,1,1,
Handmade,1,1,1,2,2,3,2,12,3,1,1,
Die Forging,3,1,3,3,3,2,3,12,3,3,3,
EDM,3,3,1,3,3,3,3,2,3,1,3,
Stamping,2,2,2,3,2,2,2,1,3,3,3,
Thermoforming,2,2,3,3,3,3,1,1,3,2,2,
