Material,Compatible_Processes
Aluminium,"['CNC Machining', 'Laser cutting', 'Waterjet', 'CNC Routing', 'Die Forging', 'Stamping']"
Cast Aluminium,"['Sand Casting', 'Die Cast (Hard tooling)', 'Die Cast (Soft Tooling)']"
Brass,"['CNC Machining', 'Laser cutting', 'Waterjet', 'Stamping', 'Die Forging']"
Cast Brass,"['Sand Casting', 'Die Cast (Hard tooling)', 'Die Cast (Soft Tooling)']"
Carbon Fiber,"['CNC Routing', 'Handmade', '3D printing']"
Fiberglass,"['Handmade', 'Thermoforming']"
GRN,"['Injection molding (Hard Tooling)', 'Injection molding (Soft Tooling)']"
Cast Iron,['Sand Casting']
Magnisium,"['CNC Machining', 'Stamping', 'Die Forging']"
Cast Magnisium,"['Sand Casting', 'Die Cast (Hard tooling)', 'Die Cast (Soft Tooling)']"
Polymer,"['Injection molding (Hard Tooling)', 'Injection molding (Soft Tooling)', '3D printing', 'Thermoforming', 'CNC Routing']"
Rubber,"['Injection molding (Soft Tooling)', 'Handmade', 'Thermoforming']"
Stainless steel,"['CNC Machining', 'Laser cutting', 'Waterjet', 'Stamping', 'Die Forging', 'EDM']"
Cast Stainless steel,['Sand Casting']
Steel,"['CNC Machining', 'Laser cutting', 'Waterjet', 'Stamping', 'Die Forging', 'EDM']"
Cast Steel,['Sand Casting']
Titanium,"['CNC Machining', 'Waterjet', 'EDM', 'Die Forging']"
Tungsten Carbide,"['CNC Machining', 'EDM']"
Zinc,"['Stamping', 'CNC Machining']"
